<?xml version="1.0" encoding="UTF-8"?>
<Configuration status="INFO">
    <Appenders>
        <RollingFile name="fileLogger" fileName="../logs/triangle.log"
                     filePattern="../logs/triangle-%d{yyyy-MM-dd}.log">
            <PatternLayout>
                <pattern>[%-5level] %d{yyyy-MM-dd HH:mm:ss.SSS} [%t] %c{1} - %msg%n</pattern>
            </PatternLayout>
            <Policies>
                <SizeBasedTriggeringPolicy size="10 MB" />
            </Policies>
        </RollingFile>
        <Console name="console" target="SYSTEM_OUT">
            <PatternLayout pattern=" %d{yyyy-MM-dd HH:mm:ss.SSS} [%t] [%-5level] %c{1} - %msg%n"/>
        </Console>
    </Appenders>
    <Loggers>
        <Root level="INFO">
            <appender-ref ref="fileLogger"/>
            <appender-ref ref="console"/>
        </Root>
    </Loggers>
</Configuration>